epoch,batch_idx,box_loss,object_loss,class_loss
0,0,0.050055671483278275,1.2714437246322632,0.40601682662963867
