epoch,batch_idx,box_loss,object_loss,class_loss
0,0,0.11420507729053497,4.020427703857422,1.0800423622131348
