epoch,batch_idx,box_loss,object_loss,class_loss
0,0,0.051095519214868546,1.257574200630188,0.00995632540434599
