epoch,batch_idx,box_loss,object_loss,class_loss
0,0,0.05364006757736206,1.26457941532135,0.009011219255626202
