epoch,batch_idx,box_loss,object_loss,class_loss
0,0,0.050033435225486755,1.2343329191207886,0.45500001311302185
