epoch,batch_idx,box_loss,object_loss,class_loss
1,0,0.05005904659628868,1.2769161462783813,0.008566997945308685
