epoch,batch_idx,box_loss,object_loss,class_loss
0,0,0.12101476639509201,3.7801666259765625,1.084580421447754
