epoch,batch_idx,box_loss,object_loss,class_loss
1,0,0.051244985312223434,1.256845474243164,0.00871820654720068
