epoch,batch_idx,box_loss,object_loss,class_loss
0,0,0.05373050644993782,1.4479674100875854,0.009525973349809647
