epoch,batch_idx,box_loss,object_loss,class_loss
0,0,0.048063043504953384,1.2789682149887085,0.3485814034938812
