epoch,batch_idx,box_loss,object_loss,class_loss
0,0,0.029717132449150085,0.010848076082766056,0.036948055028915405
